<?xml version="1.0" encoding="UTF-8"?>
<beans xmlns="http://www.springframework.org/schema/beans"
	   xmlns:xsi="http://www.w3.org/2001/XMLSchema-instance"
	   xmlns:dubbo="http://code.alibabatech.com/schema/dubbo"
	   xmlns:context="http://www.springframework.org/schema/context"
	   xsi:schemaLocation="http://www.springframework.org/schema/beans http://www.springframework.org/schema/beans/spring-beans-4.2.xsd
	http://code.alibabatech.com/schema/dubbo http://code.alibabatech.com/schema/dubbo/dubbo.xsd http://www.springframework.org/schema/context http://www.springframework.org/schema/context/spring-context.xsd">
		
	<!-- 为当前服务提供者取个名字，并且提供给注册中心 -->
	<dubbo:application name="miaosha-web"></dubbo:application>
	
	<!-- 注册中心的配置，用于消费者的监听 -->
	<dubbo:registry protocol="zookeeper" address="localhost:2181"></dubbo:registry>
	
	<!--&lt;!&ndash; 监听服务，通过注册中心去进行查找，查找到后进行服务调用 &ndash;&gt;-->
	<!--<dubbo:reference id="itemService" interface="com.imooc.item.service.ItemsService"-->
		<!--retries="3" check="false" init="true"></dubbo:reference>-->
	<dubbo:reference id="ordersService" interface="com.geekq.admin.service.OrdersService"
		retries="3" check="false" init="true"></dubbo:reference>

	<context:component-scan base-package="com.geekq.miaosha.controller" />
		<dubbo:annotation package="com.geekq.miaosha.controlle"/>
</beans>
